<?xml version="1.0" encoding="UTF-8"?><InteractionHistory Id="local-1" Version="1"><InteractionEvent Delta="null" EndDate="2016-03-01 23:36:51.131 CET" Interest="97.713005" Kind="propagation" Navigation="org.eclipse.mylyn.core.model.edges.containment" OriginId="org.eclipse.mylyn.core.model.interest.propagation" StartDate="2016-03-01 16:06:01.981 CET" StructureHandle="=Game/src" StructureKind="java" NumEvents="164" CreationCount="1"/><InteractionEvent Delta="null" EndDate="2016-03-01 16:28:12.178 CET" Interest="6.0" Kind="selection" Navigation="null" OriginId="org.eclipse.jdt.ui.CompilationUnitEditor" StartDate="2016-03-01 16:11:25.184 CET" StructureHandle="=Game/src&amp;lt;game.entity.mob{Mob.java[Mob~shoot~I~I~D" StructureKind="java" NumEvents="6" CreationCount="62"/><InteractionEvent Delta="null" EndDate="2016-03-01 16:27:02.547 CET" Interest="25.0" Kind="edit" Navigation="null" OriginId="org.eclipse.jdt.ui.CompilationUnitEditor" StartDate="2016-03-01 16:11:26.876 CET" StructureHandle="=Game/src&amp;lt;game.entity.mob{Mob.java[Mob~shoot~I~I~D" StructureKind="java" NumEvents="25" CreationCount="62"/><InteractionEvent Delta="null" EndDate="2016-03-02 00:33:15.957 CET" Interest="44.909996" Kind="propagation" Navigation="org.eclipse.mylyn.core.model.edges.containment" OriginId="org.eclipse.mylyn.core.model.interest.propagation" StartDate="2016-03-01 16:07:29.874 CET" StructureHandle="=Game/src&amp;lt;game{GameMain.java" StructureKind="java" NumEvents="69" CreationCount="5"/><InteractionEvent Delta="null" EndDate="2016-03-02 00:26:24.505 CET" Interest="3.0" Kind="selection" Navigation="null" OriginId="org.eclipse.jdt.ui.CompilationUnitEditor" StartDate="2016-03-01 16:07:29.806 CET" StructureHandle="=Game/src&amp;lt;game{GameMain.java" StructureKind="java" NumEvents="3" CreationCount="5"/><InteractionEvent Delta="null" EndDate="2016-03-01 16:30:40.473 CET" Interest="1.9180002" Kind="manipulation" Navigation="null" OriginId="org.eclipse.mylyn.core.model.interest.decay.correction" StartDate="2016-03-01 16:30:40.473 CET" StructureHandle="=Game/src&amp;lt;game{GameMain.java" StructureKind="java"/><InteractionEvent Delta="null" EndDate="2016-03-02 00:33:15.957 CET" Interest="83.0" Kind="propagation" Navigation="null" OriginId="org.eclipse.jdt.ui.CompilationUnitEditor" StartDate="2016-03-01 16:07:29.806 CET" StructureHandle="/Game/src/game/GameMain.java" StructureKind="resource" NumEvents="83" CreationCount="5"/><InteractionEvent Delta="null" EndDate="2016-03-01 16:32:46.737 CET" Interest="3.0" Kind="selection" Navigation="null" OriginId="org.eclipse.jdt.ui.CompilationUnitEditor" StartDate="2016-03-01 16:29:36.638 CET" StructureHandle="=Game/src&amp;lt;game.entity.mob{Mob.java[Mob~move~I~I" StructureKind="java" NumEvents="3" CreationCount="33"/><InteractionEvent Delta="null" EndDate="2016-03-01 16:30:44.789 CET" Interest="2.9440002" Kind="manipulation" Navigation="null" OriginId="org.eclipse.mylyn.core.model.interest.decay.correction" StartDate="2016-03-01 16:30:44.789 CET" StructureHandle="=Game/src&amp;lt;game.entity.mob{Mob.java[Mob~move~I~I" StructureKind="java"/><InteractionEvent Delta="null" EndDate="2016-03-01 16:32:48.392 CET" Interest="2.0" Kind="edit" Navigation="null" OriginId="org.eclipse.jdt.ui.CompilationUnitEditor" StartDate="2016-03-01 16:30:44.799 CET" StructureHandle="=Game/src&amp;lt;game.entity.mob{Mob.java[Mob~move~I~I" StructureKind="java" NumEvents="2" CreationCount="33"/><InteractionEvent Delta="null" EndDate="2016-03-01 16:09:05.151 CET" Interest="5.0" Kind="selection" Navigation="null" OriginId="org.eclipse.jdt.ui.CompilationUnitEditor" StartDate="2016-03-01 16:07:01.519 CET" StructureHandle="=Game/src&amp;lt;game.graphics{Screen.java" StructureKind="java" NumEvents="5" CreationCount="4"/><InteractionEvent Delta="null" EndDate="2016-03-01 16:09:15.335 CET" Interest="1.0" Kind="selection" Navigation="null" OriginId="org.eclipse.jdt.ui.CompilationUnitEditor" StartDate="2016-03-01 16:09:15.335 CET" StructureHandle="=Game/src&amp;lt;game.graphics{Screen.java[Screen" StructureKind="java"/><InteractionEvent Delta="null" EndDate="2016-03-01 16:29:35.183 CET" Interest="2.0" Kind="selection" Navigation="null" OriginId="org.eclipse.jdt.ui.CompilationUnitEditor" StartDate="2016-03-01 16:28:39.414 CET" StructureHandle="=Game/src&amp;lt;game.entity.mob{Mob.java[Mob~collision~I~I" StructureKind="java" NumEvents="2" CreationCount="237"/><InteractionEvent Delta="null" EndDate="2016-03-01 16:06:01.979 CET" Interest="0.7" Kind="propagation" Navigation="org.eclipse.mylyn.core.model.edges.containment" OriginId="org.eclipse.mylyn.core.model.interest.propagation" StartDate="2016-03-01 16:06:01.979 CET" StructureHandle="=Game/src&amp;lt;game.input{Mouse.java[Mouse" StructureKind="java"/><InteractionEvent Delta="null" EndDate="2016-03-02 00:33:15.957 CET" Interest="42.310997" Kind="propagation" Navigation="org.eclipse.mylyn.core.model.edges.containment" OriginId="org.eclipse.mylyn.core.model.interest.propagation" StartDate="2016-03-01 16:07:36.110 CET" StructureHandle="=Game/src&amp;lt;game{GameMain.java[GameMain" StructureKind="java" NumEvents="59" CreationCount="6"/><InteractionEvent Delta="null" EndDate="2016-03-02 00:30:50.159 CET" Interest="4.0" Kind="selection" Navigation="null" OriginId="org.eclipse.jdt.ui.CompilationUnitEditor" StartDate="2016-03-01 16:07:29.874 CET" StructureHandle="=Game/src&amp;lt;game{GameMain.java[GameMain" StructureKind="java" NumEvents="4" CreationCount="6"/><InteractionEvent Delta="null" EndDate="2016-03-02 00:30:23.502 CET" Interest="5.0" Kind="edit" Navigation="null" OriginId="org.eclipse.jdt.ui.CompilationUnitEditor" StartDate="2016-03-01 16:07:30.222 CET" StructureHandle="=Game/src&amp;lt;game{GameMain.java[GameMain" StructureKind="java" NumEvents="5" CreationCount="6"/><InteractionEvent Delta="null" EndDate="2016-03-02 00:33:15.958 CET" Interest="49.828" Kind="propagation" Navigation="org.eclipse.mylyn.core.model.edges.containment" OriginId="org.eclipse.mylyn.core.model.interest.propagation" StartDate="2016-03-01 16:07:29.807 CET" StructureHandle="=Game/src&amp;lt;game" StructureKind="java" NumEvents="74" CreationCount="5"/><InteractionEvent Delta="null" EndDate="2016-03-02 00:26:22.603 CET" Interest="271.0" Kind="propagation" Navigation="null" OriginId="org.eclipse.jdt.ui.CompilationUnitEditor" StartDate="2016-03-01 16:06:14.909 CET" StructureHandle="/Game/src/game/entity/mob" StructureKind="resource" NumEvents="272" CreationCount="2"/><InteractionEvent Delta="null" EndDate="2016-03-01 16:06:01.980 CET" Interest="0.7" Kind="propagation" Navigation="org.eclipse.mylyn.core.model.edges.containment" OriginId="org.eclipse.mylyn.core.model.interest.propagation" StartDate="2016-03-01 16:06:01.980 CET" StructureHandle="=Game/src&amp;lt;game.input" StructureKind="java"/><InteractionEvent Delta="null" EndDate="2016-03-01 16:33:28.152 CET" Interest="15.0" Kind="selection" Navigation="null" OriginId="org.eclipse.jdt.ui.CompilationUnitEditor" StartDate="2016-03-01 16:13:20.802 CET" StructureHandle="=Game/src&amp;lt;game.entity.mob{Player.java[Player~updateShooting" StructureKind="java" NumEvents="15" CreationCount="90"/><InteractionEvent Delta="null" EndDate="2016-03-01 16:33:33.612 CET" Interest="116.0" Kind="edit" Navigation="null" OriginId="org.eclipse.jdt.ui.CompilationUnitEditor" StartDate="2016-03-01 16:13:23.345 CET" StructureHandle="=Game/src&amp;lt;game.entity.mob{Player.java[Player~updateShooting" StructureKind="java" NumEvents="116" CreationCount="90"/><InteractionEvent Delta="null" EndDate="2016-03-01 16:09:15.335 CET" Interest="6.0" Kind="propagation" Navigation="org.eclipse.mylyn.core.model.edges.containment" OriginId="org.eclipse.mylyn.core.model.interest.propagation" StartDate="2016-03-01 16:07:01.520 CET" StructureHandle="/Game/src/game/graphics" StructureKind="resource" NumEvents="6" CreationCount="4"/><InteractionEvent Delta="null" EndDate="2016-03-01 16:09:15.335 CET" Interest="6.0" Kind="propagation" Navigation="null" OriginId="org.eclipse.jdt.ui.CompilationUnitEditor" StartDate="2016-03-01 16:07:01.520 CET" StructureHandle="/Game/src/game/graphics/Screen.java" StructureKind="resource" NumEvents="6" CreationCount="4"/><InteractionEvent Delta="null" EndDate="2016-03-02 00:26:24.560 CET" Interest="2.0" Kind="selection" Navigation="null" OriginId="org.eclipse.jdt.ui.CompilationUnitEditor" StartDate="2016-03-01 16:30:40.508 CET" StructureHandle="=Game/src&amp;lt;game{GameMain.java[GameMain^key" StructureKind="java" NumEvents="2" CreationCount="264"/><InteractionEvent Delta="null" EndDate="2016-03-02 00:26:32.85 CET" Interest="1.0" Kind="selection" Navigation="null" OriginId="org.eclipse.jdt.ui.CompilationUnitEditor" StartDate="2016-03-02 00:26:32.85 CET" StructureHandle="=Game/src&amp;lt;game{GameMain.java[GameMain~GameMain" StructureKind="java"/><InteractionEvent Delta="null" EndDate="2016-03-01 16:09:05.152 CET" Interest="5.0" Kind="propagation" Navigation="org.eclipse.mylyn.core.model.edges.containment" OriginId="org.eclipse.mylyn.core.model.interest.propagation" StartDate="2016-03-01 16:07:01.520 CET" StructureHandle="=Game/src&amp;lt;game.graphics" StructureKind="java" NumEvents="5" CreationCount="4"/><InteractionEvent Delta="null" EndDate="2016-03-02 00:26:22.603 CET" Interest="271.0" Kind="propagation" Navigation="org.eclipse.mylyn.core.model.edges.containment" OriginId="org.eclipse.mylyn.core.model.interest.propagation" StartDate="2016-03-01 16:06:14.909 CET" StructureHandle="/Game/src/game/entity" StructureKind="resource" NumEvents="272" CreationCount="2"/><InteractionEvent Delta="null" EndDate="2016-03-01 16:33:25.163 CET" Interest="3.0" Kind="selection" Navigation="null" OriginId="org.eclipse.jdt.ui.CompilationUnitEditor" StartDate="2016-03-01 16:26:53.943 CET" StructureHandle="=Game/src&amp;lt;game.entity.mob{Mob.java[Mob~render" StructureKind="java" NumEvents="3" CreationCount="227"/><InteractionEvent Delta="null" EndDate="2016-03-01 16:13:43.784 CET" Interest="4.0" Kind="selection" Navigation="null" OriginId="org.eclipse.jdt.ui.CompilationUnitEditor" StartDate="2016-03-01 16:09:38.662 CET" StructureHandle="=Game/src&amp;lt;game.entity.mob{Player.java[Player~tick" StructureKind="java" NumEvents="4" CreationCount="26"/><InteractionEvent Delta="null" EndDate="2016-03-01 16:13:20.226 CET" Interest="46.0" Kind="edit" Navigation="null" OriginId="org.eclipse.jdt.ui.CompilationUnitEditor" StartDate="2016-03-01 16:09:41.877 CET" StructureHandle="=Game/src&amp;lt;game.entity.mob{Player.java[Player~tick" StructureKind="java" NumEvents="46" CreationCount="26"/><InteractionEvent Delta="null" EndDate="2016-03-02 00:33:15.958 CET" Interest="345.017" Kind="propagation" Navigation="null" OriginId="org.eclipse.jdt.ui.CompilationUnitEditor" StartDate="2016-03-01 16:06:01.979 CET" StructureHandle="/Game/src/game" StructureKind="resource" NumEvents="352" CreationCount="1"/><InteractionEvent Delta="null" EndDate="2016-03-01 16:09:32.73 CET" Interest="1.0" Kind="selection" Navigation="null" OriginId="org.eclipse.jdt.ui.CompilationUnitEditor" StartDate="2016-03-01 16:09:32.73 CET" StructureHandle="=Game/src&amp;lt;game.entity.mob{Player.java[Player~Player~I~I~QKeyboard;" StructureKind="java"/><InteractionEvent Delta="null" EndDate="2016-03-01 16:26:50.191 CET" Interest="3.0" Kind="selection" Navigation="null" OriginId="org.eclipse.jdt.ui.CompilationUnitEditor" StartDate="2016-03-01 16:11:16.739 CET" StructureHandle="=Game/src&amp;lt;game.entity.mob{Mob.java[Mob~tick" StructureKind="java" NumEvents="3" CreationCount="59"/><InteractionEvent Delta="null" EndDate="2016-03-01 16:25:41.460 CET" Interest="1.5330002" Kind="manipulation" Navigation="null" OriginId="org.eclipse.mylyn.core.model.interest.decay.correction" StartDate="2016-03-01 16:25:41.460 CET" StructureHandle="=Game/src&amp;lt;game.entity.mob{Mob.java[Mob~tick" StructureKind="java"/><InteractionEvent Delta="null" EndDate="2016-03-01 16:06:01.979 CET" Interest="1.0" Kind="propagation" Navigation="null" OriginId="org.eclipse.jdt.ui.CompilationUnitEditor" StartDate="2016-03-01 16:06:01.979 CET" StructureHandle="/Game/src/game/input/Mouse.java" StructureKind="resource"/><InteractionEvent Delta="null" EndDate="2016-03-01 16:33:25.164 CET" Interest="60.0" Kind="propagation" Navigation="null" OriginId="org.eclipse.jdt.ui.CompilationUnitEditor" StartDate="2016-03-01 16:06:14.909 CET" StructureHandle="/Game/src/game/entity/mob/Mob.java" StructureKind="resource" NumEvents="60" CreationCount="2"/><InteractionEvent Delta="null" EndDate="2016-03-02 00:26:22.603 CET" Interest="97.69601" Kind="propagation" Navigation="org.eclipse.mylyn.core.model.edges.containment" OriginId="org.eclipse.mylyn.core.model.interest.propagation" StartDate="2016-03-01 16:06:14.910 CET" StructureHandle="=Game/src&amp;lt;game.entity.mob" StructureKind="java" NumEvents="141" CreationCount="2"/><InteractionEvent Delta="null" EndDate="2016-03-01 16:28:12.178 CET" Interest="20.851" Kind="propagation" Navigation="org.eclipse.mylyn.core.model.edges.containment" OriginId="org.eclipse.mylyn.core.model.interest.propagation" StartDate="2016-03-01 16:11:16.739 CET" StructureHandle="=Game/src&amp;lt;game.entity.mob{Mob.java[Mob" StructureKind="java" NumEvents="28" CreationCount="59"/><InteractionEvent Delta="null" EndDate="2016-03-01 16:24:43.318 CET" Interest="2.0" Kind="selection" Navigation="null" OriginId="org.eclipse.jdt.ui.CompilationUnitEditor" StartDate="2016-03-01 16:11:18.274 CET" StructureHandle="=Game/src&amp;lt;game.entity.mob{Mob.java[Mob" StructureKind="java" NumEvents="2" CreationCount="59"/><InteractionEvent Delta="null" EndDate="2016-03-01 16:11:20.548 CET" Interest="1.0" Kind="edit" Navigation="null" OriginId="org.eclipse.jdt.ui.CompilationUnitEditor" StartDate="2016-03-01 16:11:20.548 CET" StructureHandle="=Game/src&amp;lt;game.entity.mob{Mob.java[Mob" StructureKind="java"/><InteractionEvent Delta="null" EndDate="2016-03-02 00:33:15.957 CET" Interest="357.068" Kind="propagation" Navigation="org.eclipse.mylyn.core.model.edges.containment" OriginId="org.eclipse.mylyn.core.model.interest.propagation" StartDate="2016-03-01 16:06:01.980 CET" StructureHandle="/" StructureKind="resource" NumEvents="362" CreationCount="1"/><InteractionEvent Delta="null" EndDate="2016-03-02 00:26:22.602 CET" Interest="212.0" Kind="propagation" Navigation="null" OriginId="org.eclipse.jdt.ui.CompilationUnitEditor" StartDate="2016-03-01 16:06:37.78 CET" StructureHandle="/Game/src/game/entity/mob/Player.java" StructureKind="resource" NumEvents="212" CreationCount="3"/><InteractionEvent Delta="null" EndDate="2016-03-02 00:33:15.958 CET" Interest="358.068" Kind="propagation" Navigation="null" OriginId="org.eclipse.jdt.ui.CompilationUnitEditor" StartDate="2016-03-01 16:06:01.979 CET" StructureHandle="/Game/src" StructureKind="resource" NumEvents="362" CreationCount="1"/><InteractionEvent Delta="null" EndDate="2016-03-01 16:33:33.612 CET" Interest="85.679" Kind="propagation" Navigation="org.eclipse.mylyn.core.model.edges.containment" OriginId="org.eclipse.mylyn.core.model.interest.propagation" StartDate="2016-03-01 16:09:53.755 CET" StructureHandle="=Game/src&amp;lt;game.entity.mob{Player.java" StructureKind="java" NumEvents="125" CreationCount="3"/><InteractionEvent Delta="null" EndDate="2016-03-01 16:33:28.117 CET" Interest="12.0" Kind="selection" Navigation="null" OriginId="org.eclipse.jdt.ui.CompilationUnitEditor" StartDate="2016-03-01 16:06:37.77 CET" StructureHandle="=Game/src&amp;lt;game.entity.mob{Player.java" StructureKind="java" NumEvents="12" CreationCount="3"/><InteractionEvent Delta="null" EndDate="2016-03-02 00:33:15.957 CET" Interest="357.068" Kind="propagation" Navigation="org.eclipse.mylyn.core.model.edges.containment" OriginId="org.eclipse.mylyn.core.model.interest.propagation" StartDate="2016-03-01 16:06:01.980 CET" StructureHandle="=Game" StructureKind="resource" NumEvents="362" CreationCount="1"/><InteractionEvent Delta="null" EndDate="2016-03-01 16:06:01.978 CET" Interest="1.0" Kind="edit" Navigation="null" OriginId="org.eclipse.jdt.ui.CompilationUnitEditor" StartDate="2016-03-01 16:06:01.978 CET" StructureHandle="=Game/src&amp;lt;game.input{Mouse.java[Mouse~mousePressed~QMouseEvent;" StructureKind="java"/><InteractionEvent Delta="null" EndDate="2016-03-01 16:33:33.612 CET" Interest="92.322" Kind="propagation" Navigation="org.eclipse.mylyn.core.model.edges.containment" OriginId="org.eclipse.mylyn.core.model.interest.propagation" StartDate="2016-03-01 16:09:32.74 CET" StructureHandle="=Game/src&amp;lt;game.entity.mob{Player.java[Player" StructureKind="java" NumEvents="130" CreationCount="24"/><InteractionEvent Delta="null" EndDate="2016-03-01 16:25:42.920 CET" Interest="5.0" Kind="selection" Navigation="null" OriginId="org.eclipse.jdt.ui.CompilationUnitEditor" StartDate="2016-03-01 16:13:00.979 CET" StructureHandle="=Game/src&amp;lt;game.entity.mob{Player.java[Player" StructureKind="java" NumEvents="5" CreationCount="24"/><InteractionEvent Delta="null" EndDate="2016-03-01 16:06:01.979 CET" Interest="1.0" Kind="propagation" Navigation="org.eclipse.mylyn.core.model.edges.containment" OriginId="org.eclipse.mylyn.core.model.interest.propagation" StartDate="2016-03-01 16:06:01.979 CET" StructureHandle="/Game/src/game/input" StructureKind="resource"/><InteractionEvent Delta="null" EndDate="2016-03-01 16:28:12.178 CET" Interest="15.52" Kind="propagation" Navigation="org.eclipse.mylyn.core.model.edges.containment" OriginId="org.eclipse.mylyn.core.model.interest.propagation" StartDate="2016-03-01 16:11:45.66 CET" StructureHandle="=Game/src&amp;lt;game.entity.mob{Mob.java" StructureKind="java" NumEvents="24" CreationCount="2"/><InteractionEvent Delta="null" EndDate="2016-03-01 16:32:46.704 CET" Interest="12.0" Kind="selection" Navigation="null" OriginId="org.eclipse.jdt.ui.CompilationUnitEditor" StartDate="2016-03-01 16:06:14.909 CET" StructureHandle="=Game/src&amp;lt;game.entity.mob{Mob.java" StructureKind="java" NumEvents="12" CreationCount="2"/><InteractionEvent Delta="null" EndDate="2016-03-01 23:36:51.130 CET" Interest="7.0" Kind="selection" Navigation="null" OriginId="org.eclipse.jdt.ui.CompilationUnitEditor" StartDate="2016-03-01 16:09:33.990 CET" StructureHandle="=Game/src&amp;lt;game.entity.mob{Player.java[Player~render~QScreen;" StructureKind="java" NumEvents="7" CreationCount="25"/><InteractionEvent Delta="null" EndDate="2016-03-01 16:13:48.861 CET" Interest="0.25800002" Kind="manipulation" Navigation="null" OriginId="org.eclipse.mylyn.core.model.interest.decay.correction" StartDate="2016-03-01 16:13:48.861 CET" StructureHandle="=Game/src&amp;lt;game.entity.mob{Player.java[Player~render~QScreen;" StructureKind="java"/><InteractionEvent Delta="null" EndDate="2016-03-02 00:26:22.601 CET" Interest="6.0" Kind="edit" Navigation="null" OriginId="org.eclipse.jdt.ui.CompilationUnitEditor" StartDate="2016-03-01 16:14:31.99 CET" StructureHandle="=Game/src&amp;lt;game.entity.mob{Player.java[Player~render~QScreen;" StructureKind="java" NumEvents="6" CreationCount="25"/><InteractionEvent Delta="null" EndDate="2016-03-02 00:30:17.769 CET" Interest="2.0" Kind="selection" Navigation="null" OriginId="org.eclipse.jdt.ui.CompilationUnitEditor" StartDate="2016-03-02 00:30:04.580 CET" StructureHandle="=Game/src&amp;lt;game{GameMain.java[GameMain~main~\[QString;" StructureKind="java" NumEvents="2" CreationCount="331"/><InteractionEvent Delta="null" EndDate="2016-03-01 16:06:01.980 CET" Interest="0.7" Kind="propagation" Navigation="org.eclipse.mylyn.core.model.edges.containment" OriginId="org.eclipse.mylyn.core.model.interest.propagation" StartDate="2016-03-01 16:06:01.980 CET" StructureHandle="=Game/src&amp;lt;game.input{Mouse.java" StructureKind="java"/><InteractionEvent Delta="null" EndDate="2016-03-02 00:30:56.708 CET" Interest="4.0" Kind="selection" Navigation="null" OriginId="org.eclipse.jdt.ui.CompilationUnitEditor" StartDate="2016-03-01 16:07:34.174 CET" StructureHandle="=Game/src&amp;lt;game{GameMain.java[GameMain~render" StructureKind="java" NumEvents="4" CreationCount="44"/><InteractionEvent Delta="null" EndDate="2016-03-02 00:26:34.464 CET" Interest="1.7650003" Kind="manipulation" Navigation="null" OriginId="org.eclipse.mylyn.core.model.interest.decay.correction" StartDate="2016-03-02 00:26:34.464 CET" StructureHandle="=Game/src&amp;lt;game{GameMain.java[GameMain~render" StructureKind="java"/><InteractionEvent Delta="null" EndDate="2016-03-02 00:33:15.957 CET" Interest="62.0" Kind="edit" Navigation="null" OriginId="org.eclipse.jdt.ui.CompilationUnitEditor" StartDate="2016-03-01 16:07:36.110 CET" StructureHandle="=Game/src&amp;lt;game{GameMain.java[GameMain~render" StructureKind="java" NumEvents="62" CreationCount="44"/></InteractionHistory>